subreddit,topic
Anger,Trauma & Abuse (Trauma)
survivorsofabuse,Trauma & Abuse (Trauma)
domesticviolence,Trauma & Abuse (Trauma)
ptsd,Trauma & Abuse (Trauma)
rapecounseling,Trauma & Abuse (Trauma)
selfharm,Trauma & Abuse (Trauma)
StopSelfHarm,Trauma & Abuse (Trauma)
traumatoolbox,Trauma & Abuse (Trauma)
rape,Trauma & Abuse (Trauma)
MenGetRapedToo,Trauma & Abuse (Trauma)
Anxiety,Psychosis & Anxiety (Anx)
socialanxiety,Psychosis & Anxiety (Anx)
Anxietyhelp,Psychosis & Anxiety (Anx)
HealthAnxiety,Psychosis & Anxiety (Anx)
BPD,Psychosis & Anxiety (Anx)
dpdr,Psychosis & Anxiety (Anx)
schizophrenia,Psychosis & Anxiety (Anx)
schizoaffective,Psychosis & Anxiety (Anx)
emetophobia,Psychosis & Anxiety (Anx)
CompulsiveSkinPicking,Compulsive Disorders (Compuls.)
OCD,Compulsive Disorders (Compuls.)
Trichsters,Compulsive Disorders (Compuls.)
DysmorphicDisorder,Compulsive Disorders (Compuls.)
OCPD,Compulsive Disorders (Compuls.)
getting_over_it,Coping & Therapy (Cope)
helpmecope,Coping & Therapy (Cope)
offmychest,Coping & Therapy (Cope)
MMFB,Coping & Therapy (Cope)
askatherapist,Coping & Therapy (Cope)
EOOD,Coping & Therapy (Cope)
dbtselfhelp,Coping & Therapy (Cope)
AlAnon,Coping & Therapy (Cope)
REDDITORSINRECOVERY,Coping & Therapy (Cope)
GetMotivated,Coping & Therapy (Cope)
Antipsychiatry,Coping & Therapy (Cope)
selfhelp,Coping & Therapy (Cope)
depression,Mood Disorders (Mood)
depression_help,Mood Disorders (Mood)
ForeverAlone,Mood Disorders (Mood)
GFD,Mood Disorders (Mood)
mentalhealth,Mood Disorders (Mood)
SuicideWatch,Mood Disorders (Mood)
sad,Mood Disorders (Mood)
BipolarReddit,Mood Disorders (Mood)
stopdrinking,Addiction & Impulse Control (Addict.)
addiction,Addiction & Impulse Control (Addict.)
stopsmoking,Addiction & Impulse Control (Addict.)
leaves,Addiction & Impulse Control (Addict.)
alcoholism,Addiction & Impulse Control (Addict.)
cripplingalcoholism,Addiction & Impulse Control (Addict.)
quittingkratom,Addiction & Impulse Control (Addict.)
alcoholicsanonymous,Addiction & Impulse Control (Addict.)
NoFap,Addiction & Impulse Control (Addict.)
eating_disorders,Eating & Body (Body)
EatingDisorders,Eating & Body (Body)
BodyAcceptance,Eating & Body (Body)
fuckeatingdisorders,Eating & Body (Body)
bulimia,Eating & Body (Body)
ARFID,Eating & Body (Body)
ADHD,Neurodevelopmental Disorders (Neurodiv.)
aspergers,Neurodevelopmental Disorders (Neurodiv.)
TwoXADHD,Neurodevelopmental Disorders (Neurodiv.)
AskDocs,General (Health)
needadvice,General (Health)
Advice,General (Health)
mentalillness,General (Health)
neurodiversity,General (Health)
whatsbotheringyou,General (Health)
MadOver30,General (Health)
socialskills,Broad Social (Social)
relationship_advice,Broad Social (Social)
nosurf,Broad Social (Social)
Needafriend,Broad Social (Social)
PCOS,Broad Social (Social)
AtheistTwelveSteppers,Broad Social (Social)
disability,Broad Social (Social)
Tourettes,Broad Social (Social)
